Type,Problem Size,Time
serial,1536,2.359346000
parallel,1536,2.408014000
