Impl/Ranks,Problem Size,Time
seq/1,384,22.478158000
par_block/6,384,6.969424000
par_non_block/6,384,6.205035000
seq/1,384,22.806345000
par_block/6,384,7.391906000
par_non_block/6,384,6.213612000
seq/1,384,99.883264000
par_block/6,384,97.296321000
seq/1,384,99.914999000
par_non_block/6,384,96.154714000
par_block/6,384,97.927779000
par_non_block/6,384,96.188748000
seq/1,384,28.409258000
par_block/6,384,7.218187000
par_non_block/6,384,6.939526000
